ctu,darpa,cic2018,unsw,iscx,cic2019
0.974764,0.955795,0.981573,0.806556,0.848251,0.996949
